Manga series,Approximate sales in million(s)
One Piece,516.6
Golgo 13,300.0
Case Closed / Detective Conan,270.0
Dragon Ball,260.0
Doraemon,250.0
Naruto,250.0
Slam Dunk,170.0
KochiKame: Tokyo Beat Cops,156.5
Demon Slayer: Kimetsu no Yaiba,150.0
Oishinbo,135.0
Bleach,130.0
JoJo's Bizarre Adventure,120.0
Attack on Titan,110.0
Astro Boy,100.0
Fist of the North Star,100.0
Hajime no Ippo,100.0
The Kindaichi Case Files,100.0
Touch,100.0
Kingdom,97.0
Captain Tsubasa,90.0
Sazae-san,86.0
Baki the Grappler,85.0
My Hero Academia,85.0
Hunter × Hunter,84.0
Vagabond,82.0
Fullmetal Alchemist,80.0
Sangokushi,80.0
YuYu Hakusho,78.0
Kinnikuman,77.0
Fairy Tail,72.0
Rurouni Kenshin,72.0
Jujutsu Kaisen,70.0
Tokyo Revengers,70.0
Boys Over Flowers,61.0
Major,60.5
The Prince of Tennis,60.0
Rokudenashi Blues,60.0
Crayon Shin-chan,58.0
Initial D,56.0
Gintama,55.5
Bad Boys,55.0
Berserk,55.0
H2,55.0
Haikyu!!,55.0
Ranma ½,55.0
Minami no Teiō,53.0
Super Radical Gag Family,51.0
Black Jack,50.0
City Hunter,50.0
Cobra,50.0
Devilman,50.0
Dragon Quest: The Adventure of Dai,50.0
Fisherman Sanpei,50.0
Glass Mask,50.0
Great Teacher Onizuka,50.0
Inuyasha,50.0
Nana,50.0
Saint Seiya,50.0
Shoot!,50.0
Dokaben,48.0
Kosaku Shima,47.0
Tokyo Ghoul,47.0
Crows,46.0
Sailor Moon,46.0
Shizukanaru Don – Yakuza Side Story,46.0
Dear Boys,45.0
Shonan Junai Gumi,45.0
The Promised Neverland,41.0
Ace of Diamond,40.0
Be-Bop High School,40.0
Cooking Papa,40.0
Crest of the Royal Family,40.0
Kyō Kara Ore Wa!!,40.0
That Time I Got Reincarnated as a Slime,40.0
Yu-Gi-Oh!,40.0
Nodame Cantabile,39.0
Shaman King,38.0
The Seven Deadly Sins,38.0
20th Century Boys,36.0
The Chef,35.0
Dr. Slump,35.0
Itazura na Kiss,35.0
Salary Man Kintaro,35.0
Urusei Yatsura,35.0
Worst,35.0
3×3 Eyes,33.33
Kaze Densetsu: Bukkomi no Taku ,33.0
Kimi ni Todoke,33.0
Chibi Maruko-chan,32.5
Black Butler,32.0
The Silent Service,32.0
A Certain Magical Index,31.0
Kuroko's Basketball,31.0
Space Brothers,31.0
Bastard‼,30.0
Chameleon,30.0
Death Note,30.0
Fruits Basket,30.0
Gaki Deka ,30.0
Jarinko Chie,30.0
Jingi ,30.0
One-Punch Man,30.0
Reborn!,30.0
Shura no Mon,30.0
Spy × Family,30.0
Tokimeki Tonight,30.0
Ushio and Tora,30.0
Yawara!,30.0
Futari Ecchi,29.5
Shonan Bakusozoku ,29.0
Asari-chan,28.0
Chihayafuru,28.0
Pokémon Adventures,28.0
Yowamushi Pedal,28.0
Sakigake!! Otokojuku,27.0
Seito Shokun!,27.0
Yūkan Club,27.0
Bari Bari Densetsu,26.0
Blue Lock,26.0
Tsuribaka Nisshi,26.0
Angel Heart,25.0
Ashita no Joe,25.0
Assassination Classroom,25.0
Blue Exorcist,25.0
Boys Be...,25.0
D.Gray-man,25.0
Emblem Take 2 ,25.0
Flame of Recca,25.0
Hikaru no Go,25.0
Jigoku Sensei Nūbē,25.0
Magi: The Labyrinth of Magic,25.0
Maison Ikkoku,25.0
Miyuki,25.0
Neon Genesis Evangelion,25.0
Oh My Goddess!,25.0
Patalliro!,25.0
Parasyte,25.0
The Ping Pong Club,25.0
Saiyuki,25.0
Toriko,25.0
Ahiru no Sora,24.0
Chainsaw Man,24.0
Gantz,24.0
Golden Kamuy,24.0
Zatch Bell!,23.8
Rave Master,23.5
Himitsu Series ,23.0
The Rose of Versailles,23.0
Abu-san,22.0
Cardcaptor Sakura,22.0
Hoshin Engi,22.0
Kaguya-sama: Love Is War,22.0
Terra Formars,22.0
Dōbutsu no Oisha-san,21.6
Kaiji,21.5
Rookies,21.0
Tsubasa: Reservoir Chronicle,21.0
Ushijima the Loan Shark,21.0
Dragon Quest Retsuden: Roto no Monshō,20.9
Shōnen Shōjo Nippon no Rekishi ,20.2
750 Rider,20.0
Buddha,20.0
Cat's Eye,20.0
Cuffs - Kizu Darake no Chizu ,20.0
Eyeshield 21,20.0
The Fable,20.0
Fire Force,20.0
Food Wars!: Shokugeki no Soma,20.0
Fushigi Yûgi,20.0
Giant Killing,20.0
Haruhi Suzumiya,20.0
Hayate the Combat Butler,20.0
Kimagure Orange Road,20.0
Tasogare Ryūseigun ,20.0
Love Hina,20.0
Master Keaton,20.0
Monster,20.0
Negima! Magister Negi Magi,20.0
Peacock King,20.0
The Quintessential Quintuplets,20.0
Red River,20.0
Shōnen Ashibe,20.0
Sukeban Deka,20.0
Swan,20.0
The Tale of Genji,20.0
Tokyo Daigaku Monogatari,20.0
Weed,20.0
